{"mse": 19718748.06806454, "rmse": 4440.57969955101, "r2_score": 0.8729860921980581}